AÑO,MES,PRODUCTO,PREDICTED_CANTIDADCOMPRA,PREDICTED_PRECIOUNIDAD,PREDICTED_IMPORTELINEA
2023,1,APOSITO DE FIBRAS DE POLIACRILATO C/PLATA-3,1110.0,6.259,6947.490000000001
2023,1,SOLUCION P/ LIMPIEZA Y DESCONTAMINACION DE HERIDAS-16,1427.060111719152,13.49568956203144,19259.160254119583
2023,1,APOSITO DE HIDROFIBRA  / CINTA-18,384.368227244904,2.42,930.1711099326677
2023,1,APOSITO DE ESPUMA POLIURETANO / SACRO-11,159.4302580531862,4.123590623414202,657.4251171966253
2023,1,APOSITO C/ CARBON Y PLATA-6,2181.2500000000005,2.530404494722116,5519.444804112617
2023,1,APOSITO DE FIBRAS DE POLIACRILATO-3,645.9915999115254,5.368806494793289,3468.2038971869056
2023,1,APOSITO MALLADO C/ PARAFINA-39,2154.265686850666,3.392545203853124,7308.443723750583
2023,1,APOSITO DE HIDROFIBRA DE HIDROCOLOIDE C/ ESPUMA POLIURETANO-12,7335.156472451399,1.8604747148340897,13646.873146347443
2023,1,APOSITO DE HIDROFIBRA DE HIDROCOLOIDE C/ PLATA-3,2504.8958146594764,5.279985,13225.812327964815
2023,1,APÓSITO ADHESIVO ABSORBENTE IMPERMEABLE C/ BOLSA-21,-7.2280236073168e-181,2.977532928203837e-114,-2.1521678296620452e-294
2023,1,APOSITO DE HIDROCOLOIDE-9,3015.303212348934,0.3298569999999999,994.618871715782
2023,1,APOSITO DE HIDROCOLOIDE-7,386.3250152614565,2.359234053215053,911.4311316136532
2023,1,APOSITO DE HIDROCOLOIDE C/ PLATA-2,0.0354636696842985,0.0327299697173133,0.0011607248348318917
2023,1,APOSITO DE ESPUMA POLIURETANO-8,566.632301593704,1.2525106840263585,709.71301166056
2023,1,APÓSITO ABSORBENTE C/ ADHESIVO-22,10297.308307578116,0.1144375997350597,1178.3992464511293
2023,1,APÓSITO ABSORBENTE C/ ADHESIVO-23,3055.316484848861,0.16988026621299,519.0379778110613
2023,1,HIDROGEL-37,1698.2499273740664,0.77055,1308.5864815380867
2023,1,APOSITO MALLADO C/ PARAFINA-38,3155.727175560326,1.5345,4842.46335089732
2023,1,APÓSITO MALLADO C/ OLIGOSACÁRIDOS-1,309.8712789721251,13.189000000000055,4086.8922983633747
2023,1,ELIMINADOR DE ADHESIVOS MEDICOS DE LA PIEL-17,130.9656613640217,6.489999999999999,849.9671422525008
2023,1,APOSITO DE FIBRAS DE POLIACRILATO C/PLATA-6,1561.0348893398707,4.719,7366.52364279485
2023,1,GEL P/ LIMPIEZA  Y DESCONTAMINACION DE HERIDAS-15,64.73690186134354,13.189,853.8149986492599
2023,1,EQ. DE PRESION NEGATIVA / Espuma de poliuretano-32,94.27708696158288,85.14061538461539,8026.809200578066
2023,1,APOSITO DE HIDROFIBRA HIDROCOLOIDE P/ BOMBA DE UN SOLO USO-26,13.753573044849066,20.87071642218712,287.0469228108815
2023,1,APOSITO DE HIDROFIBRA DE HIDROCOLOIDE C/ ESPUMA POLIURETANO-10,2055.241104179276,4.32911916083678,8897.383644241845
2023,1,APÓSITO DE ESPUMA DE POLIURETANO Y POLIACRILATO CON SILICONA-14,4565.645780261395,2.728015500000987,12455.152456067186
2023,1,APOSITO ESPUMA DE POLIVINILO ALCOHOL  P/ TERAPIA CONVENCIONAL PRESION NEGATIVA-34,16.125037704103324,50.403202715601424,812.753544196636
2023,1,BOMBA DE UN SOLO USO / TERAPIA PRESIÓN NEGATIVA-40,31.83857682061939,47.33920659117789,1507.212965680389
2023,1,APOSITO MALLADO C/ SILICONA-0,511.4706775449388,2.969235147505015,1518.6767126846364
2023,1,APOSITO C/ CARBON Y PLATA-4,1466.5673890532034,5.713610274468027,8379.394502294132
2023,1,APOSITO PARA PEQUEÑAS HERIDAS REDONDO-19,14445.516006631717,0.0093792300361861,135.48781761760728
2023,1,APOSITO DE HIDROCOLOIDE-3,674.050188767557,1.125112022185972,758.3819709391022
2023,1,EQ. DE PRESION NEGATIVA / Espuma de poliuretano-36,69.51680391590233,85.21761693252051,5924.056366478507
2023,1,EQ. DE PRESION NEGATIVA / Espuma de poliuretano con plata-35,31.82109510237889,108.4035507847532,3449.5196989571914
2023,1,EQ. DE PRESIÓN NEGATIVA ABDOMINAL-29,9.039081588911522,328.99913176539513,2973.849994708459
2023,1,APÓSITO TRANSPARENTE ADHESIVO-24,8645.057309403408,0.0839749486630108,725.9682437459376
2023,1,APOSITO DE ALGINATO C/ PLATA-6,190.3590014559051,0.7904275413565861,150.46499749588585
2023,1,BOMBA DE UN SOLO USO / TERAPIA PRESIÓN NEGATIVA C/ APOSITO-27,3.864523909120944,106.65092204391452,412.1550381685016
2023,1,APOSITO DE HIDROCOLOIDE-6,1404.8303046172623,0.4596123977388019,645.6774247212714
2023,1,APÓSITO DE ESPUMA DE POLIURETANO C/ SILICONA-3,1698.978228445578,6.600300413654551,11213.766703999425
2023,1,APÓSITO DE ESPUMA DE POLIURETANO Y POLIACRILATO CON SILICONA-13,360.83694325273706,2.089980587386876,754.1422066102404
2023,1,TIRA DE GASA ORILLADA TAPONAMIENTOS ESTERIL 1cm.-30,262.80615241506484,0.0799281713318337,21.005615177291304
2023,1,APÓSITO TRANSPARENTE ADHESIVO-20,2508.454168684491,0.27499992,689.8246957119015
2023,1,APOSITO ABSORBENTE S/ ADHESIVO-25,261.0360252605267,0.1228026222473501,32.055908403018194
2023,1,BOMBA DE UN SOLO USO / TERAPIA PRESIÓN NEGATIVA C/ APOSITO-28,1.7153617155560197,64.36594749900021,110.4108821252737
2023,1,TIRA DE GASA ORILLADA TAPONAMIENTOS ESTERIL 2cm.-31,178.64583333333334,-0.0147533932312743,-2.635632228295357
2023,1,EQ. DE PRESION NEGATIVA CON INSTILACIÓN-33,3.791690718812424,132.36186666735378,501.87526136729286
2023,2,APOSITO DE FIBRAS DE POLIACRILATO C/PLATA-3,1110.0,6.259,6947.490000000001
2023,2,SOLUCION P/ LIMPIEZA Y DESCONTAMINACION DE HERIDAS-16,1619.7484055587925,13.548739627325451,21945.54940869163
2023,2,APOSITO DE HIDROFIBRA  / CINTA-18,404.40187478328346,2.42,978.6525369755459
2023,2,APOSITO DE ESPUMA POLIURETANO / SACRO-11,159.4302580531862,4.123590623414202,657.4251171966253
2023,2,APOSITO C/ CARBON Y PLATA-6,2181.2500000000005,2.5188724654345043,5494.290565229014
2023,2,APOSITO DE FIBRAS DE POLIACRILATO-3,645.9915999115254,5.368567859597779,3468.0497408551632
2023,2,APOSITO MALLADO C/ PARAFINA-39,2161.4435913798334,3.3669684358265197,7277.512347995413
2023,2,APOSITO DE HIDROFIBRA DE HIDROCOLOIDE C/ ESPUMA POLIURETANO-12,8148.2924085434415,1.8604747148340897,15159.691995169636
2023,2,APOSITO DE HIDROFIBRA DE HIDROCOLOIDE C/ PLATA-3,2504.8958146594764,5.279985,13225.812327964815
2023,2,APÓSITO ADHESIVO ABSORBENTE IMPERMEABLE C/ BOLSA-21,-2.977918855464835e-183,2.4640294692508548e-115,-7.3376798169031294e-298
2023,2,APOSITO DE HIDROCOLOIDE-9,3033.720601325741,0.3298569999999999,1000.6939763915046
2023,2,APOSITO DE HIDROCOLOIDE-7,370.7211488141346,2.343196275132034,868.6724150139486
2023,2,APOSITO DE HIDROCOLOIDE C/ PLATA-2,0.0282478917640332,0.0327299697173133,0.0009245526420147503
2023,2,APOSITO DE ESPUMA POLIURETANO-8,441.561628135652,1.2345935463386728,545.1491364070729
2023,2,APÓSITO ABSORBENTE C/ ADHESIVO-22,10297.308307578116,0.1144375997350597,1178.3992464511293
2023,2,APÓSITO ABSORBENTE C/ ADHESIVO-23,3330.653141922856,0.16988026621299,565.8122424129863
2023,2,HIDROGEL-37,1544.4200223764694,0.77055,1190.0528482421885
2023,2,APOSITO MALLADO C/ PARAFINA-38,3077.5604287640463,1.5345,4722.516477938429
2023,2,APÓSITO MALLADO C/ OLIGOSACÁRIDOS-1,313.165428753292,13.189000000000036,4130.33883982718
2023,2,ELIMINADOR DE ADHESIVOS MEDICOS DE LA PIEL-17,132.42459846379438,6.489999999999999,859.4356440300254
2023,2,APOSITO DE FIBRAS DE POLIACRILATO C/PLATA-6,1465.4304953396377,4.719,6915.366507507751
2023,2,GEL P/ LIMPIEZA  Y DESCONTAMINACION DE HERIDAS-15,65.41877722767966,13.189,862.808252855867
2023,2,EQ. DE PRESION NEGATIVA / Espuma de poliuretano-32,95.31855000823518,85.14061538461539,8115.4800052703795
2023,2,APOSITO DE HIDROFIBRA HIDROCOLOIDE P/ BOMBA DE UN SOLO USO-26,13.908438412183342,20.56491474186766,286.02585013906764
2023,2,APOSITO DE HIDROFIBRA DE HIDROCOLOIDE C/ ESPUMA POLIURETANO-10,2077.198797896962,4.234041336675253,8794.945574787882
2023,2,APÓSITO DE ESPUMA DE POLIURETANO Y POLIACRILATO CON SILICONA-14,4565.645780261395,2.728015500000987,12455.152456067186
2023,2,APOSITO ESPUMA DE POLIVINILO ALCOHOL  P/ TERAPIA CONVENCIONAL PRESION NEGATIVA-34,25.871466254052866,50.971094860861065,1318.6969606248945
2023,2,BOMBA DE UN SOLO USO / TERAPIA PRESIÓN NEGATIVA-40,80.02874120525539,95.88570332901698,7673.6121370017945
2023,2,APOSITO MALLADO C/ SILICONA-0,455.9336743041126,3.0778512907468887,1403.2960479518847
2023,2,APOSITO C/ CARBON Y PLATA-4,1546.5654537562143,5.705670580194834,8824.193009842505
2023,2,APOSITO PARA PEQUEÑAS HERIDAS REDONDO-19,8517.93394410459,0.0093792300361861,79.89166189479491
2023,2,APOSITO DE HIDROCOLOIDE-3,680.7247057639395,1.1196440443719442,762.1693626654389
2023,2,EQ. DE PRESION NEGATIVA / Espuma de poliuretano-36,70.27046807042875,85.29982421939287,5994.058574222032
2023,2,EQ. DE PRESION NEGATIVA / Espuma de poliuretano con plata-35,24.54987570007357,109.5758207363876,2690.0727788118597
2023,2,EQ. DE PRESIÓN NEGATIVA ABDOMINAL-29,9.144493398503702,375.6975204343027,3435.5634954456905
2023,2,APÓSITO TRANSPARENTE ADHESIVO-24,7954.100798147345,0.0850724964015123,676.6752115276561
2023,2,APOSITO DE ALGINATO C/ PLATA-6,272.49840361249244,0.870767586795932,237.28277731939392
2023,2,BOMBA DE UN SOLO USO / TERAPIA PRESIÓN NEGATIVA C/ APOSITO-27,5.1833826317202245,98.54618148374134,510.80256552517403
2023,2,APOSITO DE HIDROCOLOIDE-6,1255.8632290820924,0.457444795477604,574.4880979753011
2023,2,APÓSITO DE ESPUMA DE POLIURETANO C/ SILICONA-3,1698.978228445578,6.600300413654551,11213.766703999425
2023,2,APÓSITO DE ESPUMA DE POLIURETANO Y POLIACRILATO CON SILICONA-13,533.8881881756773,2.089980587386876,1115.8159491223173
2023,2,TIRA DE GASA ORILLADA TAPONAMIENTOS ESTERIL 1cm.-30,189.38432329514825,0.1572320480651947,29.77728502313712
2023,2,APÓSITO TRANSPARENTE ADHESIVO-20,2619.4432236996317,0.27499992,720.3466769619408
2023,2,APOSITO ABSORBENTE S/ ADHESIVO-25,239.35019537308523,0.1226439425211232,29.354851603756273
2023,2,BOMBA DE UN SOLO USO / TERAPIA PRESIÓN NEGATIVA C/ APOSITO-28,1.1917810402419171,42.96920055789264,51.209878539248855
2023,2,TIRA DE GASA ORILLADA TAPONAMIENTOS ESTERIL 2cm.-31,178.64583333333334,0.0312164048331145,5.576680655082434
2023,2,EQ. DE PRESION NEGATIVA CON INSTILACIÓN-33,1.7432943979416875,72.25934588268674,125.96931287621854
2023,3,APOSITO DE FIBRAS DE POLIACRILATO C/PLATA-3,1110.0,6.259,6947.490000000001
2023,3,SOLUCION P/ LIMPIEZA Y DESCONTAMINACION DE HERIDAS-16,1428.0756614963489,13.601789692619413,19424.38481282169
2023,3,APOSITO DE HIDROFIBRA  / CINTA-18,414.283702141876,2.42,1002.5665591833399
2023,3,APOSITO DE ESPUMA POLIURETANO / SACRO-11,159.4302580531862,4.123590623414202,657.4251171966253
2023,3,APOSITO C/ CARBON Y PLATA-6,2181.2500000000005,2.5131784032462523,5481.870392080889
2023,3,APOSITO DE FIBRAS DE POLIACRILATO-3,645.9915999115254,5.368894757458727,3468.2609141273642
2023,3,APOSITO MALLADO C/ PARAFINA-39,2170.5135902380293,3.3669684358265197,7308.050747863941
2023,3,APOSITO DE HIDROFIBRA DE HIDROCOLOIDE C/ ESPUMA POLIURETANO-12,7454.093418689796,1.8604747148340897,13868.152327483562
2023,3,APOSITO DE HIDROFIBRA DE HIDROCOLOIDE C/ PLATA-3,2504.8958146594764,5.279985,13225.812327964815
2023,3,APÓSITO ADHESIVO ABSORBENTE IMPERMEABLE C/ BOLSA-21,-1.2475237757333438e-181,3.918207245282421e-115,-4.88805669674047e-296
2023,3,APOSITO DE HIDROCOLOIDE-9,3052.137990302548,0.3298569999999999,1006.7690810672273
2023,3,APOSITO DE HIDROCOLOIDE-7,372.06295203942426,2.3365613197866364,869.3479022609491
2023,3,APOSITO DE HIDROCOLOIDE C/ PLATA-2,0.0297160830555182,0.0327299697173133,0.0009726064985242774
2023,3,APOSITO DE ESPUMA POLIURETANO-8,518.2580475758192,1.2091823196451914,626.668468142517
2023,3,APÓSITO ABSORBENTE C/ ADHESIVO-22,10297.308307578116,0.1144375997350597,1178.3992464511293
2023,3,APÓSITO ABSORBENTE C/ ADHESIVO-23,3330.653141922856,0.16988026621299,565.8122424129863
2023,3,HIDROGEL-37,1685.1986118628156,0.77055,1298.5297903708924
2023,3,APOSITO MALLADO C/ PARAFINA-38,3099.7201607248044,1.5345,4756.520586632212
2023,3,APÓSITO MALLADO C/ OLIGOSACÁRIDOS-1,316.45957853445884,13.189000000000044,4173.785381290992
2023,3,ELIMINADOR DE ADHESIVOS MEDICOS DE LA PIEL-17,133.88353556356705,6.489999999999999,868.9041458075501
2023,3,APOSITO DE FIBRAS DE POLIACRILATO C/PLATA-6,1553.3879161576876,4.719,7330.4375763481285
2023,3,GEL P/ LIMPIEZA  Y DESCONTAMINACION DE HERIDAS-15,66.10065259401577,13.189,871.801507062474
2023,3,EQ. DE PRESION NEGATIVA / Espuma de poliuretano-32,96.36001305488747,85.14061538461539,8204.150809962692
2023,3,APOSITO DE HIDROFIBRA HIDROCOLOIDE P/ BOMBA DE UN SOLO USO-26,14.063303779517618,20.67726382844456,290.79064254864727
2023,3,APOSITO DE HIDROFIBRA DE HIDROCOLOIDE C/ ESPUMA POLIURETANO-10,2099.156491614648,4.165294484582748,8743.604956798566
2023,3,APÓSITO DE ESPUMA DE POLIURETANO Y POLIACRILATO CON SILICONA-14,4565.645780261395,2.728015500000987,12455.152456067186
2023,3,APOSITO ESPUMA DE POLIVINILO ALCOHOL  P/ TERAPIA CONVENCIONAL PRESION NEGATIVA-34,20.373289611935597,51.53898700612071,1050.0187085814828
2023,3,BOMBA DE UN SOLO USO / TERAPIA PRESIÓN NEGATIVA-40,1.214094927333747,67.7254694051157,82.22514885604785
2023,3,APOSITO MALLADO C/ SILICONA-0,409.3917098346218,3.035073810725597,1242.5340568472334
2023,3,APOSITO C/ CARBON Y PLATA-4,1620.3294467600404,5.697730885921641,9232.201134173007
2023,3,APOSITO PARA PEQUEÑAS HERIDAS REDONDO-19,9734.408783690084,0.0093792300361861,91.30125924849983
2023,3,APOSITO DE HIDROCOLOIDE-3,680.7247057639395,1.1141760665579163,758.4471750768611
2023,3,EQ. DE PRESION NEGATIVA / Espuma de poliuretano-36,71.02413222495517,86.86040151527803,6169.184642333803
2023,3,EQ. DE PRESION NEGATIVA / Espuma de poliuretano con plata-35,32.413342850238024,110.74809068802205,3589.7158334801115
2023,3,EQ. DE PRESIÓN NEGATIVA ABDOMINAL-29,9.249905208095882,338.7928428989932,3133.8016819970067
2023,3,APÓSITO TRANSPARENTE ADHESIVO-24,8227.685452287082,0.0845504136955353,695.6542087476103
2023,3,APOSITO DE ALGINATO C/ PLATA-6,176.20872996866643,0.7544501493589337,132.94070264320843
2023,3,BOMBA DE UN SOLO USO / TERAPIA PRESIÓN NEGATIVA C/ APOSITO-27,4.247761641704543,133.35209456370524,566.447912128664
2023,3,APOSITO DE HIDROCOLOIDE-6,1287.3476721432507,0.4552771932164061,586.1000348670534
2023,3,APÓSITO DE ESPUMA DE POLIURETANO C/ SILICONA-3,1698.978228445578,6.600300413654551,11213.766703999425
2023,3,APÓSITO DE ESPUMA DE POLIURETANO Y POLIACRILATO CON SILICONA-13,467.47497166713583,2.089980587386876,977.0136158735438
2023,3,TIRA DE GASA ORILLADA TAPONAMIENTOS ESTERIL 1cm.-30,171.24244728345172,0.2528060507766306,43.29112682305478
2023,3,APÓSITO TRANSPARENTE ADHESIVO-20,2587.9818484328684,0.27499992,711.694801280491
2023,3,APOSITO ABSORBENTE S/ ADHESIVO-25,243.5816229027896,0.1367694480177084,33.314524111672135
2023,3,BOMBA DE UN SOLO USO / TERAPIA PRESIÓN NEGATIVA C/ APOSITO-28,2.471394484221404,57.57637689143208,142.29394027093795
2023,3,TIRA DE GASA ORILLADA TAPONAMIENTOS ESTERIL 2cm.-31,178.64583333333334,0.0562409272038735,10.047207307775318
2023,3,EQ. DE PRESION NEGATIVA CON INSTILACIÓN-33,1.98920234336106,26.30567139986356,52.32730319229461
2023,4,APOSITO DE FIBRAS DE POLIACRILATO C/PLATA-3,1110.0,6.259,6947.490000000001
2023,4,SOLUCION P/ LIMPIEZA Y DESCONTAMINACION DE HERIDAS-16,1674.7940678245288,13.654839757913374,22869.044623647846
2023,4,APOSITO DE HIDROFIBRA  / CINTA-18,495.15051680530166,2.42,1198.26425066883
2023,4,APOSITO DE ESPUMA POLIURETANO / SACRO-11,159.4302580531862,4.123590623414202,657.4251171966253
2023,4,APOSITO C/ CARBON Y PLATA-6,2181.2500000000005,2.510366899442796,5475.7377994096005
2023,4,APOSITO DE FIBRAS DE POLIACRILATO-3,645.9915999115254,5.368722197644552,3468.149441936925
2023,4,APOSITO MALLADO C/ PARAFINA-39,2171.894136657101,3.3669684358265197,7312.69900408115
2023,4,APOSITO DE HIDROFIBRA DE HIDROCOLOIDE C/ ESPUMA POLIURETANO-12,7872.4096093263215,1.8604747148340897,14646.419022968536
2023,4,APOSITO DE HIDROFIBRA DE HIDROCOLOIDE C/ PLATA-3,2504.8958146594764,5.279985,13225.812327964815
2023,4,APÓSITO ADHESIVO ABSORBENTE IMPERMEABLE C/ BOLSA-21,-3.13825517122457e-181,1.0583039412048164e-114,-3.3212278162133583e-295
2023,4,APOSITO DE HIDROCOLOIDE-9,3070.5553792793557,0.3298569999999999,1012.8441857429501
2023,4,APOSITO DE HIDROCOLOIDE-7,367.4729686539359,2.3338163864044974,857.6144358052618
2023,4,APOSITO DE HIDROCOLOIDE C/ PLATA-2,0.0294173507923843,0.0327299697173133,0.0009628290005983204
2023,4,APOSITO DE ESPUMA POLIURETANO-8,500.1463226378684,1.2075893625968266,603.9713789594103
2023,4,APÓSITO ABSORBENTE C/ ADHESIVO-22,10297.308307578116,0.1144375997350597,1178.3992464511293
2023,4,APÓSITO ABSORBENTE C/ ADHESIVO-23,3330.653141922856,0.16988026621299,565.8122424129863
2023,4,HIDROGEL-37,1583.0938542526271,0.77055,1219.8529693943617
2023,4,APOSITO MALLADO C/ PARAFINA-38,3093.438030014511,1.5345,4746.880657057267
2023,4,APÓSITO MALLADO C/ OLIGOSACÁRIDOS-1,319.7537283156257,13.18900000000004,4217.2319227548005
2023,4,ELIMINADOR DE ADHESIVOS MEDICOS DE LA PIEL-17,135.34247266333972,6.489999999999999,878.3726475850747
2023,4,APOSITO DE FIBRAS DE POLIACRILATO C/PLATA-6,1553.7030283607198,4.719,7331.924590834237
2023,4,GEL P/ LIMPIEZA  Y DESCONTAMINACION DE HERIDAS-15,66.78252796035189,13.189,880.794761269081
2023,4,EQ. DE PRESION NEGATIVA / Espuma de poliuretano-32,97.4014761015398,85.14061538461539,8292.821614655008
2023,4,APOSITO DE HIDROFIBRA HIDROCOLOIDE P/ BOMBA DE UN SOLO USO-26,14.218169146851894,20.886029683282388,296.9611028430785
2023,4,APOSITO DE HIDROFIBRA DE HIDROCOLOIDE C/ ESPUMA POLIURETANO-10,2121.1141853323334,4.275107325476208,9067.990791885757
2023,4,APÓSITO DE ESPUMA DE POLIURETANO Y POLIACRILATO CON SILICONA-14,4565.645780261395,2.728015500000987,12455.152456067186
2023,4,APOSITO ESPUMA DE POLIVINILO ALCOHOL  P/ TERAPIA CONVENCIONAL PRESION NEGATIVA-34,22.725487177068626,52.10687915138035,1184.1542139917585
2023,4,BOMBA DE UN SOLO USO / TERAPIA PRESIÓN NEGATIVA-40,33.08949187440297,84.06029947392982,2781.5125964024805
2023,4,APOSITO MALLADO C/ SILICONA-0,391.3831483783133,3.051921332119328,1194.4705795677987
2023,4,APOSITO C/ CARBON Y PLATA-4,1185.8292922989235,5.689791191648448,6747.121062121128
2023,4,APOSITO PARA PEQUEÑAS HERIDAS REDONDO-19,9734.408783690084,0.0093792300361861,91.30125924849983
2023,4,APOSITO DE HIDROCOLOIDE-3,680.7247057639395,1.1087080887438885,754.7249874882832
2023,4,EQ. DE PRESION NEGATIVA / Espuma de poliuretano-36,71.77779637948159,84.71095844783672,6080.3659265795495
2023,4,EQ. DE PRESION NEGATIVA / Espuma de poliuretano con plata-35,30.271910821470943,111.92036063965644,3388.0431763905463
2023,4,EQ. DE PRESIÓN NEGATIVA ABDOMINAL-29,9.355317017688062,474.3180234374229,4437.395476460288
2023,4,APÓSITO TRANSPARENTE ADHESIVO-24,8119.359440792241,0.0841910343562653,683.5772696306067
2023,4,APOSITO DE ALGINATO C/ PLATA-6,167.48662600871558,0.7899849926923532,132.31192102356206
2023,4,BOMBA DE UN SOLO USO / TERAPIA PRESIÓN NEGATIVA C/ APOSITO-27,4.911507213506702,103.29079238446693,507.31347188513246
2023,4,APOSITO DE HIDROCOLOIDE-6,1280.6933819162984,0.4531095909552081,580.2944544191361
2023,4,APÓSITO DE ESPUMA DE POLIURETANO C/ SILICONA-3,1698.978228445578,6.600300413654551,11213.766703999425
2023,4,APÓSITO DE ESPUMA DE POLIURETANO Y POLIACRILATO CON SILICONA-13,503.05707637030434,2.089980587386876,1051.3795239615333
2023,4,TIRA DE GASA ORILLADA TAPONAMIENTOS ESTERIL 1cm.-30,163.33816771537042,0.2624457793271826,42.86741271993445
2023,4,APÓSITO TRANSPARENTE ADHESIVO-20,2596.9000082779185,0.27499992,714.1472945244269
2023,4,APOSITO ABSORBENTE S/ ADHESIVO-25,243.5816229027896,0.1314616874975981,32.02165119020431
2023,4,BOMBA DE UN SOLO USO / TERAPIA PRESIÓN NEGATIVA C/ APOSITO-28,3.0303026517371823,64.75519609032477,196.2278424262724
2023,4,TIRA DE GASA ORILLADA TAPONAMIENTOS ESTERIL 2cm.-31,178.64583333333334,0.0698634956347261,12.48082239724534
2023,4,EQ. DE PRESION NEGATIVA CON INSTILACIÓN-33,2.801872508756356,75.84969987041457,212.52118886433513
2023,6,APOSITO DE FIBRAS DE POLIACRILATO C/PLATA-3,1110.0,6.259,6947.490000000001
2023,6,SOLUCION P/ LIMPIEZA Y DESCONTAMINACION DE HERIDAS-16,1637.8567986638927,12.330120314552692,20194.971385533903
2023,6,APOSITO DE HIDROFIBRA  / CINTA-18,529.1312279786603,2.42,1280.4975717083578
2023,6,APOSITO DE ESPUMA POLIURETANO / SACRO-11,159.4302580531862,4.123590623414202,657.4251171966253
2023,6,APOSITO C/ CARBON Y PLATA-6,2181.2500000000005,2.508293246095252,5471.214643045269
2023,6,APOSITO DE FIBRAS DE POLIACRILATO-3,645.9915999115254,5.368776456541352,3468.1844927284783
2023,6,APOSITO MALLADO C/ PARAFINA-39,2171.894136657101,3.3669684358265197,7312.69900408115
2023,6,APOSITO DE HIDROFIBRA DE HIDROCOLOIDE C/ ESPUMA POLIURETANO-12,8278.29692030081,1.8604747148340897,15401.562102108574
2023,6,APOSITO DE HIDROFIBRA DE HIDROCOLOIDE C/ PLATA-3,2504.8958146594764,5.279985,13225.812327964815
2023,6,APÓSITO ADHESIVO ABSORBENTE IMPERMEABLE C/ BOLSA-21,-1.105723156196792e-181,5.06923466643525e-115,-5.605170154872977e-296
2023,6,APOSITO DE HIDROCOLOIDE-9,3107.3901572329696,0.3298569999999999,1024.9943950943953
2023,6,APOSITO DE HIDROCOLOIDE-7,370.75963276868606,2.3322109788751195,864.6896860668371
2023,6,APOSITO DE HIDROCOLOIDE C/ PLATA-2,0.0294657662433644,0.0327299697173133,0.0009644136368427491
2023,6,APOSITO DE ESPUMA POLIURETANO-8,500.1463226378684,1.1893424230727092,594.8452392570274
2023,6,APÓSITO ABSORBENTE C/ ADHESIVO-22,10297.308307578116,0.1144375997350597,1178.3992464511293
2023,6,APÓSITO ABSORBENTE C/ ADHESIVO-23,3330.653141922856,0.16988026621299,565.8122424129863
2023,6,HIDROGEL-37,1614.280636993481,0.77055,1243.8839448353267
2023,6,APOSITO MALLADO C/ PARAFINA-38,3094.714086272568,1.5345,4748.838765385255
2023,6,APÓSITO MALLADO C/ OLIGOSACÁRIDOS-1,326.3420278779595,13.189000000000044,4304.125005682422
2023,6,ELIMINADOR DE ADHESIVOS MEDICOS DE LA PIEL-17,138.26034686288506,6.489999999999999,897.309651140124
2023,6,APOSITO DE FIBRAS DE POLIACRILATO C/PLATA-6,1548.4675715269266,4.719,7307.218470035567
2023,6,GEL P/ LIMPIEZA  Y DESCONTAMINACION DE HERIDAS-15,68.14627869302412,13.189,898.781269682295
2023,6,EQ. DE PRESION NEGATIVA / Espuma de poliuretano-32,99.48440219484442,85.14061538461539,8470.163224039636
2023,6,APOSITO DE HIDROFIBRA HIDROCOLOIDE P/ BOMBA DE UN SOLO USO-26,14.527899881520446,21.35315090609636,310.21643851876553
2023,6,APOSITO DE HIDROFIBRA DE HIDROCOLOIDE C/ ESPUMA POLIURETANO-10,2165.029572767705,4.211931902944346,9118.957128358263
2023,6,APÓSITO DE ESPUMA DE POLIURETANO Y POLIACRILATO CON SILICONA-14,4565.645780261395,2.728015500000987,12455.152456067186
2023,6,APOSITO ESPUMA DE POLIVINILO ALCOHOL  P/ TERAPIA CONVENCIONAL PRESION NEGATIVA-34,22.015590472985807,53.24266344189963,1172.168674027875
2023,6,BOMBA DE UN SOLO USO / TERAPIA PRESIÓN NEGATIVA-40,10.019317015362738,80.08131076314635,802.3600395417434
2023,6,APOSITO MALLADO C/ SILICONA-0,373.86758880111097,3.047899319187571,1139.510769373205
2023,6,APOSITO C/ CARBON Y PLATA-4,1282.6031773040345,5.673911803102062,7277.377306401568
2023,6,APOSITO PARA PEQUEÑAS HERIDAS REDONDO-19,9734.408783690084,0.0093792300361861,91.30125924849983
2023,6,APOSITO DE HIDROCOLOIDE-3,680.7247057639395,1.0977721331158328,747.2806123111275
2023,6,EQ. DE PRESION NEGATIVA / Espuma de poliuretano-36,73.28512468853442,87.37585688288681,6403.350566429898
2023,6,EQ. DE PRESION NEGATIVA / Espuma de poliuretano con plata-35,36.26739498120168,114.26490054292528,4144.090280477998
2023,6,EQ. DE PRESIÓN NEGATIVA ABDOMINAL-29,9.566140636872422,386.2591978591749,3695.0098090063984
2023,6,APÓSITO TRANSPARENTE ADHESIVO-24,8145.268176481307,0.0834412282049251,679.6511807040908
2023,6,APOSITO DE ALGINATO C/ PLATA-6,118.39084545093776,0.7722735224079762,91.43011523725403
2023,6,BOMBA DE UN SOLO USO / TERAPIA PRESIÓN NEGATIVA C/ APOSITO-27,4.774679741519837,139.7184600380068,667.1109006598201
2023,6,APOSITO DE HIDROCOLOIDE-6,1281.802533336133,0.4487743864328122,575.2401454259474
2023,6,APÓSITO DE ESPUMA DE POLIURETANO C/ SILICONA-3,1698.978228445578,6.600300413654551,11213.766703999425
2023,6,APÓSITO DE ESPUMA DE POLIURETANO Y POLIACRILATO CON SILICONA-13,505.8390627316315,2.089980587386876,1057.1938214510822
2023,6,TIRA DE GASA ORILLADA TAPONAMIENTOS ESTERIL 1cm.-30,158.39387896002404,0.1131541313096461,17.922921778486753
2023,6,APÓSITO TRANSPARENTE ADHESIVO-20,2595.0886224748338,0.27499992,713.6491635734895
2023,6,APOSITO ABSORBENTE S/ ADHESIVO-25,243.5816229027896,0.1422687130109483,34.654044003498
2023,6,BOMBA DE UN SOLO USO / TERAPIA PRESIÓN NEGATIVA C/ APOSITO-28,2.7584384691924684,61.86772803335247,170.65832100873675
2023,6,TIRA DE GASA ORILLADA TAPONAMIENTOS ESTERIL 2cm.-31,178.64583333333334,0.0813160723539213,14.5267775090599
2023,6,EQ. DE PRESION NEGATIVA CON INSTILACIÓN-33,2.481081801650171,64.27125516878678,159.46224156849135
2023,7,APOSITO DE FIBRAS DE POLIACRILATO C/PLATA-3,1110.0,6.259,6947.490000000001
2023,7,SOLUCION P/ LIMPIEZA Y DESCONTAMINACION DE HERIDAS-16,1553.955702654174,12.080067689291212,18771.89007422251
2023,7,APOSITO DE HIDROFIBRA  / CINTA-18,506.3274987023513,2.42,1225.3125468596902
2023,7,APOSITO DE ESPUMA POLIURETANO / SACRO-11,159.4302580531862,4.123590623414202,657.4251171966253
2023,7,APOSITO C/ CARBON Y PLATA-6,2181.2500000000005,2.507954801110106,5470.47640992142
2023,7,APOSITO DE FIBRAS DE POLIACRILATO-3,645.9915999115254,5.368855484366698,3468.235544039811
2023,7,APOSITO MALLADO C/ PARAFINA-39,2171.894136657101,3.3669684358265197,7312.69900408115
2023,7,APOSITO DE HIDROFIBRA DE HIDROCOLOIDE C/ ESPUMA POLIURETANO-12,8154.289210765507,1.8604747148340897,15170.848894073652
2023,7,APOSITO DE HIDROFIBRA DE HIDROCOLOIDE C/ PLATA-3,2504.8958146594764,5.279985,13225.812327964815
2023,7,APÓSITO ADHESIVO ABSORBENTE IMPERMEABLE C/ BOLSA-21,-2.3786474900903138e-181,7.7273395673074005e-115,-1.838061686685132e-295
2023,7,APOSITO DE HIDROCOLOIDE-9,3125.807546209777,0.3298569999999999,1031.069499770118
2023,7,APOSITO DE HIDROCOLOIDE-7,370.9644903894837,2.332016616041311,865.0953555495732
2023,7,APOSITO DE HIDROCOLOIDE C/ PLATA-2,0.0294682826486273,0.0327299697173133,0.0009644959987108004
2023,7,APOSITO DE ESPUMA POLIURETANO-8,500.1463226378684,1.180406439710988,590.3759400395094
2023,7,APÓSITO ABSORBENTE C/ ADHESIVO-22,10297.308307578116,0.1144375997350597,1178.3992464511293
2023,7,APÓSITO ABSORBENTE C/ ADHESIVO-23,3330.653141922856,0.16988026621299,565.8122424129863
2023,7,HIDROGEL-37,1683.4315361029535,0.77055,1297.1681701441307
2023,7,APOSITO MALLADO C/ PARAFINA-38,3094.857217489797,1.5345,4749.058400238094
2023,7,APÓSITO MALLADO C/ OLIGOSACÁRIDOS-1,329.6361776591264,13.189000000000044,4347.571547146233
2023,7,ELIMINADOR DE ADHESIVOS MEDICOS DE LA PIEL-17,139.71928396265773,6.489999999999999,906.7781529176485
2023,7,APOSITO DE FIBRAS DE POLIACRILATO C/PLATA-6,1524.112416677897,4.719,7192.286494302996
2023,7,GEL P/ LIMPIEZA  Y DESCONTAMINACION DE HERIDAS-15,68.82815405936023,13.189,907.7745238889021
2023,7,EQ. DE PRESION NEGATIVA / Espuma de poliuretano-32,100.52586524149672,85.14061538461539,8558.834028731948
2023,7,APOSITO DE HIDROFIBRA HIDROCOLOIDE P/ BOMBA DE UN SOLO USO-26,14.682765248854722,21.59045658005697,317.0076055805672
2023,7,APOSITO DE HIDROFIBRA DE HIDROCOLOIDE C/ ESPUMA POLIURETANO-10,2186.9872664853906,4.219370844774136,9227.71031010074
2023,7,APÓSITO DE ESPUMA DE POLIURETANO Y POLIACRILATO CON SILICONA-14,4565.645780261395,2.728015500000987,12455.152456067186
2023,7,APOSITO ESPUMA DE POLIVINILO ALCOHOL  P/ TERAPIA CONVENCIONAL PRESION NEGATIVA-34,21.71913213060932,53.81055558715927,1168.7185668190098
2023,7,BOMBA DE UN SOLO USO / TERAPIA PRESIÓN NEGATIVA-40,41.7825138210828,76.89308028512363,3212.7861897588077
2023,7,APOSITO MALLADO C/ SILICONA-0,370.6167406921153,3.046870122275012,1129.2210740297517
2023,7,APOSITO C/ CARBON Y PLATA-4,1237.8040218883762,5.665972108828869,7013.363064215738
2023,7,APOSITO PARA PEQUEÑAS HERIDAS REDONDO-19,9734.408783690084,0.0093792300361861,91.30125924849983
2023,7,APOSITO DE HIDROCOLOIDE-3,680.7247057639395,1.092304155301805,743.5584247225496
2023,7,EQ. DE PRESION NEGATIVA / Espuma de poliuretano-36,74.03878884306084,86.57780635337501,6410.115923092944
2023,7,EQ. DE PRESION NEGATIVA / Espuma de poliuretano con plata-35,33.606967281860044,115.43717049455972,3879.493211921168
2023,7,EQ. DE PRESIÓN NEGATIVA ABDOMINAL-29,9.671552446464602,403.8010171627016,3905.3827154248215
2023,7,APÓSITO TRANSPARENTE ADHESIVO-24,8151.992611663549,0.0830669811554487,677.161416652413
2023,7,APOSITO DE ALGINATO C/ PLATA-6,144.91391027906838,0.7640616491374238,110.72316127077765
2023,7,BOMBA DE UN SOLO USO / TERAPIA PRESIÓN NEGATIVA C/ APOSITO-27,4.537702479338705,137.6535217884189,624.6307271090129
2023,7,APOSITO DE HIDROCOLOIDE-6,1281.8653563704638,0.4466067841716143,572.4897645496133
2023,7,APÓSITO DE ESPUMA DE POLIURETANO C/ SILICONA-3,1698.978228445578,6.600300413654551,11213.766703999425
2023,7,APÓSITO DE ESPUMA DE POLIURETANO Y POLIACRILATO CON SILICONA-13,508.6006078300457,2.089980587386876,1062.9653970979612
2023,7,TIRA DE GASA ORILLADA TAPONAMIENTOS ESTERIL 1cm.-30,157.74014268132822,0.1227860803986552,19.36829384136491
2023,7,APÓSITO TRANSPARENTE ADHESIVO-20,2594.885495360047,0.27499992,713.5933036331734
2023,7,APOSITO ABSORBENTE S/ ADHESIVO-25,243.5816229027896,0.1446269620919452,35.22847014185624
2023,7,BOMBA DE UN SOLO USO / TERAPIA PRESIÓN NEGATIVA C/ APOSITO-28,2.726308973083359,61.75922851699197,168.3747388765809
2023,7,TIRA DE GASA ORILLADA TAPONAMIENTOS ESTERIL 2cm.-31,178.64583333333334,0.0835136215256095,14.919360512127113
2023,7,EQ. DE PRESION NEGATIVA CON INSTILACIÓN-33,2.4508197372769414,55.276851757006085,135.47359930060207
2023,8,APOSITO DE FIBRAS DE POLIACRILATO C/PLATA-3,1110.0,6.259,6947.490000000001
2023,8,SOLUCION P/ LIMPIEZA Y DESCONTAMINACION DE HERIDAS-16,1653.2070463118826,12.133120738343598,20058.560698382465
2023,8,APOSITO DE HIDROFIBRA  / CINTA-18,508.5456616847893,2.42,1230.6805012771902
2023,8,APOSITO DE ESPUMA POLIURETANO / SACRO-11,159.4302580531862,4.123590623414202,657.4251171966253
2023,8,APOSITO C/ CARBON Y PLATA-6,2181.2500000000005,2.507787690296852,5470.11189946001
2023,8,APOSITO DE FIBRAS DE POLIACRILATO-3,645.9915999115254,5.368800106102007,3468.199770146003
2023,8,APOSITO MALLADO C/ PARAFINA-39,2171.894136657101,3.3669684358265197,7312.69900408115
2023,8,APOSITO DE HIDROFIBRA DE HIDROCOLOIDE C/ ESPUMA POLIURETANO-12,8809.710190011156,1.8604747148340897,16390.24305353198
2023,8,APOSITO DE HIDROFIBRA DE HIDROCOLOIDE C/ PLATA-3,2504.8958146594764,5.279985,13225.812327964815
2023,8,APÓSITO ADHESIVO ABSORBENTE IMPERMEABLE C/ BOLSA-21,-2.752211103861182e-181,1.1413752237528735e-114,-3.1413055644846997e-295
2023,8,APOSITO DE HIDROCOLOIDE-9,3144.224935186584,0.3298569999999999,1037.1446044458407
2023,8,APOSITO DE HIDROCOLOIDE-7,370.3591383113728,2.331936206603268,863.6538840746778
2023,8,APOSITO DE HIDROCOLOIDE C/ PLATA-2,0.0294677706367093,0.0327299697173133,0.0009644792405762294
2023,8,APOSITO DE ESPUMA POLIURETANO-8,500.1463226378684,1.1731110882979687,586.7271968579369
2023,8,APÓSITO ABSORBENTE C/ ADHESIVO-22,10297.308307578116,0.1144375997350597,1178.3992464511293
2023,8,APÓSITO ABSORBENTE C/ ADHESIVO-23,3330.653141922856,0.16988026621299,565.8122424129863
2023,8,HIDROGEL-37,1640.3786168112883,0.77055,1263.9937431839382
2023,8,APOSITO MALLADO C/ PARAFINA-38,3094.816640779892,1.5345,4748.996135276744
2023,8,APÓSITO MALLADO C/ OLIGOSACÁRIDOS-1,332.93032744029324,13.189000000000044,4391.0180886100425
2023,8,ELIMINADOR DE ADHESIVOS MEDICOS DE LA PIEL-17,141.1782210624304,6.489999999999999,916.2466546951732
2023,8,APOSITO DE FIBRAS DE POLIACRILATO C/PLATA-6,1494.8097099120823,4.719,7054.007021075117
2023,8,GEL P/ LIMPIEZA  Y DESCONTAMINACION DE HERIDAS-15,69.51002942569635,13.189,916.7677780955091
2023,8,EQ. DE PRESION NEGATIVA / Espuma de poliuretano-32,101.56732828814904,85.14061538461539,8647.504833424264
2023,8,APOSITO DE HIDROFIBRA HIDROCOLOIDE P/ BOMBA DE UN SOLO USO-26,14.837630616188996,21.82803479465172,323.87631736036303
2023,8,APOSITO DE HIDROFIBRA DE HIDROCOLOIDE C/ ESPUMA POLIURETANO-10,2208.9449602030763,4.273732267000122,9440.439352447189
2023,8,APÓSITO DE ESPUMA DE POLIURETANO Y POLIACRILATO CON SILICONA-14,4565.645780261395,2.728015500000987,12455.152456067186
2023,8,APOSITO ESPUMA DE POLIVINILO ALCOHOL  P/ TERAPIA CONVENCIONAL PRESION NEGATIVA-34,21.85369168811131,54.37844773241891,1188.3698312223585
2023,8,BOMBA DE UN SOLO USO / TERAPIA PRESIÓN NEGATIVA-40,77.06520345572075,78.74246844075654,6068.304350992573
2023,8,APOSITO MALLADO C/ SILICONA-0,369.0444251488706,3.047275462117239,1124.5800211873154
2023,8,APOSITO C/ CARBON Y PLATA-4,1302.652630815058,5.658032414555676,7370.450810057827
2023,8,APOSITO PARA PEQUEÑAS HERIDAS REDONDO-19,9734.408783690084,0.0093792300361861,91.30125924849983
2023,8,APOSITO DE HIDROCOLOIDE-3,680.7247057639395,1.086836177487777,739.8362371339717
2023,8,EQ. DE PRESION NEGATIVA / Espuma de poliuretano-36,74.79245299758726,87.73633473717408,6562.015692010675
2023,8,EQ. DE PRESION NEGATIVA / Espuma de poliuretano con plata-35,38.508925490493134,116.60944044619411,4490.5042536305855
2023,8,EQ. DE PRESIÓN NEGATIVA ABDOMINAL-29,9.776964256056782,372.3545080847472,3640.4967161261793
2023,8,APÓSITO TRANSPARENTE ADHESIVO-24,8149.330067431532,0.0826927506758374,673.8905194412208
2023,8,APOSITO DE ALGINATO C/ PLATA-6,106.84580503657108,0.767936800595773,82.05082567686412
2023,8,BOMBA DE UN SOLO USO / TERAPIA PRESIÓN NEGATIVA C/ APOSITO-27,4.705818212171815,143.52393457786408,675.3975452190689
2023,8,APOSITO DE HIDROCOLOIDE-6,1281.8520786160325,0.4444391819104163,569.7052891502761
2023,8,APÓSITO DE ESPUMA DE POLIURETANO C/ SILICONA-3,1698.978228445578,6.600300413654551,11213.766703999425
2023,8,APÓSITO DE ESPUMA DE POLIURETANO Y POLIACRILATO CON SILICONA-13,514.7190418587926,2.089980587386876,1075.7528054432494
2023,8,TIRA DE GASA ORILLADA TAPONAMIENTOS ESTERIL 1cm.-30,157.45531467857498,0.1948998062561978,30.68801032486292
2023,8,APÓSITO TRANSPARENTE ADHESIVO-20,2594.943074536519,0.27499992,713.6091379020968
2023,8,APOSITO ABSORBENTE S/ ADHESIVO-25,243.5816229027896,0.1468641508208416,35.77340820318065
2023,8,BOMBA DE UN SOLO USO / TERAPIA PRESIÓN NEGATIVA C/ APOSITO-28,2.7538359332152496,62.04705754236527,170.86741661043976
2023,8,TIRA DE GASA ORILLADA TAPONAMIENTOS ESTERIL 2cm.-31,178.64583333333334,0.0847098986624098,15.133070438128419
2023,8,EQ. DE PRESION NEGATIVA CON INSTILACIÓN-33,2.5677283960168595,82.43151412247086,211.6617395389332
2023,9,APOSITO DE FIBRAS DE POLIACRILATO C/PLATA-3,1110.0,6.259,6947.490000000001
2023,9,SOLUCION P/ LIMPIEZA Y DESCONTAMINACION DE HERIDAS-16,1562.5032742188307,12.18617130093063,19040.932557895656
2023,9,APOSITO DE HIDROFIBRA  / CINTA-18,462.4737160366861,2.42,1119.1863928087803
2023,9,APOSITO DE ESPUMA POLIURETANO / SACRO-11,159.4302580531862,4.123590623414202,657.4251171966253
2023,9,APOSITO C/ CARBON Y PLATA-6,2181.2500000000005,2.507705177554362,5469.931918540453
2023,9,APOSITO DE FIBRAS DE POLIACRILATO-3,645.9915999115254,5.368841605514049,3468.226578417584
2023,9,APOSITO MALLADO C/ PARAFINA-39,2171.894136657101,3.3669684358265197,7312.69900408115
2023,9,APOSITO DE HIDROFIBRA DE HIDROCOLOIDE C/ ESPUMA POLIURETANO-12,8531.718983866098,1.8604747148340897,15873.047443552869
2023,9,APOSITO DE HIDROFIBRA DE HIDROCOLOIDE C/ PLATA-3,2504.8958146594764,5.279985,13225.812327964815
2023,9,APÓSITO ADHESIVO ABSORBENTE IMPERMEABLE C/ BOLSA-21,-2.0969728007477816e-181,1.0859029335346323e-114,-2.27710891587435e-295
2023,9,APOSITO DE HIDROCOLOIDE-9,3162.642324163391,0.3298569999999999,1043.2197091215635
2023,9,APOSITO DE HIDROCOLOIDE-7,370.4224449983327,2.3319029405842464,863.7891887500183
2023,9,APOSITO DE HIDROCOLOIDE C/ PLATA-2,0.0294678748155584,0.0327299697173133,0.0009644826503468056
2023,9,APOSITO DE ESPUMA POLIURETANO-8,500.1463226378684,1.165070035691834,582.7054939668409
2023,9,APÓSITO ABSORBENTE C/ ADHESIVO-22,10297.308307578116,0.1144375997350597,1178.3992464511293
2023,9,APÓSITO ABSORBENTE C/ ADHESIVO-23,3330.653141922856,0.16988026621299,565.8122424129863
2023,9,HIDROGEL-37,1689.8296119706215,0.77055,1302.0982075039624
2023,9,APOSITO MALLADO C/ PARAFINA-38,3094.828143996441,1.5345,4749.013786962539
2023,9,APÓSITO MALLADO C/ OLIGOSACÁRIDOS-1,336.2244772214601,13.189000000000044,4434.464630073852
2023,9,ELIMINADOR DE ADHESIVOS MEDICOS DE LA PIEL-17,142.63715816220306,6.489999999999999,925.7151564726978
2023,9,APOSITO DE FIBRAS DE POLIACRILATO C/PLATA-6,1560.0571745135096,4.719,7361.909806529252
2023,9,GEL P/ LIMPIEZA  Y DESCONTAMINACION DE HERIDAS-15,70.19190479203246,13.189,925.7610323021162
2023,9,EQ. DE PRESION NEGATIVA / Espuma de poliuretano-32,102.60879133480135,85.14061538461539,8736.175638116578
2023,9,APOSITO DE HIDROFIBRA HIDROCOLOIDE P/ BOMBA DE UN SOLO USO-26,14.992495983523272,22.065675851382004,330.81955657557114
2023,9,APOSITO DE HIDROFIBRA DE HIDROCOLOIDE C/ ESPUMA POLIURETANO-10,2230.902653920762,4.255326419156722,9493.219001795864
2023,9,APÓSITO DE ESPUMA DE POLIURETANO Y POLIACRILATO CON SILICONA-14,4565.645780261395,2.728015500000987,12455.152456067186
2023,9,APOSITO ESPUMA DE POLIVINILO ALCOHOL  P/ TERAPIA CONVENCIONAL PRESION NEGATIVA-34,21.784460725212387,54.94633987767856,1196.9763830594597
2023,9,BOMBA DE UN SOLO USO / TERAPIA PRESIÓN NEGATIVA-40,9.567427265097455,77.66969889860084,743.0991949143835
2023,9,APOSITO MALLADO C/ SILICONA-0,368.1543558881255,3.047115822707432,1121.8089630253703
2023,9,APOSITO C/ CARBON Y PLATA-4,1387.90998524077,5.650092720282482,7841.820104016243
2023,9,APOSITO PARA PEQUEÑAS HERIDAS REDONDO-19,9734.408783690084,0.0093792300361861,91.30125924849983
2023,9,APOSITO DE HIDROCOLOIDE-3,680.7247057639395,1.0813681996737492,736.1140495453939
2023,9,EQ. DE PRESION NEGATIVA / Espuma de poliuretano-36,75.54611715211368,86.80082498392873,6557.465293135996
2023,9,EQ. DE PRESION NEGATIVA / Espuma de poliuretano con plata-35,42.26287914093239,117.78171039782856,4977.7941915557285
2023,9,EQ. DE PRESIÓN NEGATIVA ABDOMINAL-29,9.882376065648964,552.7965614698492,5462.9435082426835
2023,9,APÓSITO TRANSPARENTE ADHESIVO-24,8150.384303452152,0.0823185185316656,670.9275613239224
2023,9,APOSITO DE ALGINATO C/ PLATA-6,118.15011353264302,0.7656012406476783,90.45587350325555
2023,9,BOMBA DE UN SOLO USO / TERAPIA PRESIÓN NEGATIVA C/ APOSITO-27,4.586554028908482,115.94140046588528,531.7714974240979
2023,9,APOSITO DE HIDROCOLOIDE-6,1281.8548848918613,0.4422715796492184,566.9279848221905
2023,9,APÓSITO DE ESPUMA DE POLIURETANO C/ SILICONA-3,1698.978228445578,6.600300413654551,11213.766703999425
2023,9,APÓSITO DE ESPUMA DE POLIURETANO Y POLIACRILATO CON SILICONA-13,519.4076730571965,2.089980587386876,1085.55195362933
2023,9,TIRA DE GASA ORILLADA TAPONAMIENTOS ESTERIL 1cm.-30,157.33121724999987,0.2455644009078845,38.634946108104444
2023,9,APÓSITO TRANSPARENTE ADHESIVO-20,2594.926752926444,0.27499992,713.6046494606319
2023,9,APOSITO ABSORBENTE S/ ADHESIVO-25,243.5816229027896,0.1493712078288772,36.38408121790778
2023,9,BOMBA DE UN SOLO USO / TERAPIA PRESIÓN NEGATIVA C/ APOSITO-28,2.770701913029225,62.12890935898884,172.1406880153697
2023,9,TIRA DE GASA ORILLADA TAPONAMIENTOS ESTERIL 2cm.-31,178.64583333333334,0.0853611145744213,15.24940744740964
2023,9,EQ. DE PRESION NEGATIVA CON INSTILACIÓN-33,2.5917914449165496,85.51946476182752,221.6486171435469
2023,10,APOSITO DE FIBRAS DE POLIACRILATO C/PLATA-3,1110.0,6.259,6947.490000000001
2023,10,SOLUCION P/ LIMPIEZA Y DESCONTAMINACION DE HERIDAS-16,1667.4780827036534,12.23922136622459,20408.63337753777
2023,10,APOSITO DE HIDROFIBRA  / CINTA-18,512.4041896142545,2.42,1240.018138866496
2023,10,APOSITO DE ESPUMA POLIURETANO / SACRO-11,159.4302580531862,4.123590623414202,657.4251171966253
2023,10,APOSITO C/ CARBON Y PLATA-6,2181.2500000000005,2.5076644360096307,5469.843051046008
2023,10,APOSITO DE FIBRAS DE POLIACRILATO-3,645.9915999115254,5.36881172809069,3468.2072778530664
2023,10,APOSITO MALLADO C/ PARAFINA-39,2171.894136657101,3.3669684358265197,7312.69900408115
2023,10,APOSITO DE HIDROFIBRA DE HIDROCOLOIDE C/ ESPUMA POLIURETANO-12,9301.567743019914,1.8604747148340897,17305.33159420494
2023,10,APOSITO DE HIDROFIBRA DE HIDROCOLOIDE C/ PLATA-3,2504.8958146594764,5.279985,13225.812327964815
2023,10,APÓSITO ADHESIVO ABSORBENTE IMPERMEABLE C/ BOLSA-21,-1.9448220278416533e-181,7.228189405222802e-115,-1.4057541976688963e-295
2023,10,APOSITO DE HIDROCOLOIDE-9,3181.0597131401983,0.3298569999999999,1049.294813797286
2023,10,APOSITO DE HIDROCOLOIDE-7,370.4847949295281,2.3318891781696784,863.9294839725792
2023,10,APOSITO DE HIDROCOLOIDE C/ PLATA-2,0.0294678536183319,0.0327299697173133,0.0009644819565622241
2023,10,APOSITO DE ESPUMA POLIURETANO-8,500.1463226378684,1.1574493400940438,578.8940310876635
2023,10,APÓSITO ABSORBENTE C/ ADHESIVO-22,10297.308307578116,0.1144375997350597,1178.3992464511293
2023,10,APÓSITO ABSORBENTE C/ ADHESIVO-23,3330.653141922856,0.16988026621299,565.8122424129863
2023,10,HIDROGEL-37,1663.0178354106736,0.77055,1281.4383930756944
2023,10,APOSITO MALLADO C/ PARAFINA-38,3094.8248829141285,1.5345,4749.00878283173
2023,10,APÓSITO MALLADO C/ OLIGOSACÁRIDOS-1,339.518627002627,13.189000000000044,4477.911171537663
2023,10,ELIMINADOR DE ADHESIVOS MEDICOS DE LA PIEL-17,144.09609526197573,6.489999999999999,935.1836582502224
2023,10,APOSITO DE FIBRAS DE POLIACRILATO C/PLATA-6,1527.5695236598165,4.719,7208.600582150674
2023,10,GEL P/ LIMPIEZA  Y DESCONTAMINACION DE HERIDAS-15,70.87378015836858,13.189,934.7542865087231
2023,10,EQ. DE PRESION NEGATIVA / Espuma de poliuretano-32,103.65025438145366,85.14061538461539,8824.846442808892
2023,10,APOSITO DE HIDROFIBRA HIDROCOLOIDE P/ BOMBA DE UN SOLO USO-26,15.14736135085755,22.30333139818644,337.836620016257
2023,10,APOSITO DE HIDROFIBRA DE HIDROCOLOIDE C/ ESPUMA POLIURETANO-10,2252.860347638448,4.221966681047092,9511.501324781695
2023,10,APÓSITO DE ESPUMA DE POLIURETANO Y POLIACRILATO CON SILICONA-14,4565.645780261395,2.728015500000987,12455.152456067186
2023,10,APOSITO ESPUMA DE POLIVINILO ALCOHOL  P/ TERAPIA CONVENCIONAL PRESION NEGATIVA-34,21.816462017647765,55.5142320229382,1211.1241343673166
2023,10,BOMBA DE UN SOLO USO / TERAPIA PRESIÓN NEGATIVA-40,47.59566095419194,78.29197740031597,3726.358411778697
2023,10,APOSITO MALLADO C/ SILICONA-0,367.70540599535127,3.047178695236872,1120.4640792724588
2023,10,APOSITO C/ CARBON Y PLATA-4,1273.3078593856235,5.642153026009289,7184.197791874007
2023,10,APOSITO PARA PEQUEÑAS HERIDAS REDONDO-19,9734.408783690084,0.0093792300361861,91.30125924849983
2023,10,APOSITO DE HIDROCOLOIDE-3,680.7247057639395,1.0759002218597211,732.3918619568159
2023,10,EQ. DE PRESION NEGATIVA / Espuma de poliuretano-36,76.2997813066401,87.2999137397108,6660.96432642848
2023,10,EQ. DE PRESION NEGATIVA / Espuma de poliuretano con plata-35,41.04336961065636,118.95398034946297,4882.272182141763
2023,10,EQ. DE PRESIÓN NEGATIVA ABDOMINAL-29,9.987787875241144,485.8198331166928,4852.265438754581
2023,10,APÓSITO TRANSPARENTE ADHESIVO-24,8149.966878053616,0.0819442865547107,667.8432212666264
2023,10,APOSITO DE ALGINATO C/ PLATA-6,106.76200132394216,0.7667853918680013,81.86354302179106
2023,10,BOMBA DE UN SOLO USO / TERAPIA PRESIÓN NEGATIVA C/ APOSITO-27,4.671162085333458,114.54405108574906,535.0538285322498
2023,10,APOSITO DE HIDROCOLOIDE-6,1281.8542917807242,0.4401039773880205,564.1491722446009
2023,10,APÓSITO DE ESPUMA DE POLIURETANO C/ SILICONA-3,1698.978228445578,6.600300413654551,11213.766703999425
2023,10,APÓSITO DE ESPUMA DE POLIURETANO Y POLIACRILATO CON SILICONA-13,524.7053015075453,2.089980587386876,1096.6238942497475
2023,10,TIRA DE GASA ORILLADA TAPONAMIENTOS ESTERIL 1cm.-30,157.27714892936393,0.2229321708974214,35.06213624338016
2023,10,APÓSITO TRANSPARENTE ADHESIVO-20,2594.931379511466,0.27499992,713.6059217711428
2023,10,APOSITO ABSORBENTE S/ ADHESIVO-25,243.5816229027896,0.1506615657968286,36.698388705866925
2023,10,BOMBA DE UN SOLO USO / TERAPIA PRESIÓN NEGATIVA C/ APOSITO-28,2.7700783263264466,62.09152196190816,171.99837923530436
2023,10,TIRA DE GASA ORILLADA TAPONAMIENTOS ESTERIL 2cm.-31,178.64583333333334,0.0857156161786159,15.312737681908986
2023,10,EQ. DE PRESION NEGATIVA CON INSTILACIÓN-33,2.549464828171873,68.20362120727347,173.88273342190095
2023,12,APOSITO DE FIBRAS DE POLIACRILATO C/PLATA-3,1110.0,6.259,6947.490000000001
2023,12,SOLUCION P/ LIMPIEZA Y DESCONTAMINACION DE HERIDAS-16,1632.304312220078,12.345321496812511,20151.32151499029
2023,12,APOSITO DE HIDROFIBRA  / CINTA-18,475.3383905518809,2.42,1150.3189051355516
2023,12,APOSITO DE ESPUMA POLIURETANO / SACRO-11,159.4302580531862,4.123590623414202,657.4251171966253
2023,12,APOSITO C/ CARBON Y PLATA-6,2181.2500000000005,2.5076343866671715,5469.777505917769
2023,12,APOSITO DE FIBRAS DE POLIACRILATO-3,645.9915999115254,5.368817743856835,3468.211163987463
2023,12,APOSITO MALLADO C/ PARAFINA-39,2171.894136657101,3.3669684358265197,7312.69900408115
2023,12,APOSITO DE HIDROFIBRA DE HIDROCOLOIDE C/ ESPUMA POLIURETANO-12,8814.187252338446,1.8604747148340897,16398.57251478864
2023,12,APOSITO DE HIDROFIBRA DE HIDROCOLOIDE C/ PLATA-3,2504.8958146594764,5.279985,13225.812327964815
2023,12,APÓSITO ADHESIVO ABSORBENTE IMPERMEABLE C/ BOLSA-21,-2.3282336721889842e-181,1.053203306327438e-114,-2.4521034014523107e-295
2023,12,APOSITO DE HIDROCOLOIDE-9,3217.8944910938126,0.3298569999999999,1061.4450231487315
2023,12,APOSITO DE HIDROCOLOIDE-7,370.531004650604,2.3318811290548576,864.0342574744811
2023,12,APOSITO DE HIDROCOLOIDE C/ PLATA-2,0.0294678570537603,0.0327299697173133,0.0009644820690036916
2023,12,APOSITO DE ESPUMA POLIURETANO-8,500.1463226378684,1.1418902203579573,571.1121945681775
2023,12,APÓSITO ABSORBENTE C/ ADHESIVO-22,10297.308307578116,0.1144375997350597,1178.3992464511293
2023,12,APÓSITO ABSORBENTE C/ ADHESIVO-23,3330.653141922856,0.16988026621299,565.8122424129863
2023,12,HIDROGEL-37,1683.30620070586,0.77055,1297.0715929539003
2023,12,APOSITO MALLADO C/ PARAFINA-38,3094.8255453206725,1.5345,4749.009799294572
2023,12,APÓSITO MALLADO C/ OLIGOSACÁRIDOS-1,346.1069265649608,13.189000000000044,4564.8042544652835
2023,12,ELIMINADOR DE ADHESIVOS MEDICOS DE LA PIEL-17,147.01396946152107,6.489999999999999,954.1206618052717
2023,12,APOSITO DE FIBRAS DE POLIACRILATO C/PLATA-6,1575.9543773558546,4.719,7436.928706742278
2023,12,GEL P/ LIMPIEZA  Y DESCONTAMINACION DE HERIDAS-15,72.2375308910408,13.189,952.7407949219372
2023,12,EQ. DE PRESION NEGATIVA / Espuma de poliuretano-32,105.73318047475829,85.14061538461539,9002.18805219352
2023,12,APOSITO DE HIDROFIBRA HIDROCOLOIDE P/ BOMBA DE UN SOLO USO-26,15.4570920855261,22.77864994439649,352.09168977450054
2023,12,APOSITO DE HIDROFIBRA DE HIDROCOLOIDE C/ ESPUMA POLIURETANO-10,2296.7757350738198,4.2610231432649925,9786.61456203901
2023,12,APÓSITO DE ESPUMA DE POLIURETANO Y POLIACRILATO CON SILICONA-14,4565.645780261395,2.728015500000987,12455.152456067186
2023,12,APOSITO ESPUMA DE POLIVINILO ALCOHOL  P/ TERAPIA CONVENCIONAL PRESION NEGATIVA-34,21.80784621926497,56.65001631345748,1235.4148440827325
2023,12,BOMBA DE UN SOLO USO / TERAPIA PRESIÓN NEGATIVA-40,14.995018844430792,78.14039705801324,1171.7167263962128
2023,12,APOSITO MALLADO C/ SILICONA-0,367.33200323995095,3.047163685662434,1119.320740854414
2023,12,APOSITO C/ CARBON Y PLATA-4,1220.7768729266863,5.626273637462903,6868.424737371816
2023,12,APOSITO PARA PEQUEÑAS HERIDAS REDONDO-19,9734.408783690084,0.0093792300361861,91.30125924849983
2023,12,APOSITO DE HIDROCOLOIDE-3,680.7247057639395,1.0649642662316656,724.9474867796603
2023,12,EQ. DE PRESION NEGATIVA / Espuma de poliuretano-36,77.80710961569294,89.05644836552013,6929.224839960322
2023,12,EQ. DE PRESION NEGATIVA / Espuma de poliuretano con plata-35,37.15181788855184,121.2985202527318,4506.460534580309
2023,12,EQ. DE PRESIÓN NEGATIVA ABDOMINAL-29,10.198611494425505,461.77630726151045,4709.477155090604
2023,12,APÓSITO TRANSPARENTE ADHESIVO-24,8150.066715241114,0.0811958225688921,661.7513709353508
2023,12,APOSITO DE ALGINATO C/ PLATA-6,104.61156697744757,0.7664638584604563,80.18098526512891
2023,12,BOMBA DE UN SOLO USO / TERAPIA PRESIÓN NEGATIVA C/ APOSITO-27,4.653720603292502,111.51127624789942,518.9423237742914
2023,12,APOSITO DE HIDROCOLOIDE-6,1281.8543906417651,0.4357687728656246,558.592114802375
2023,12,APÓSITO DE ESPUMA DE POLIURETANO C/ SILICONA-3,1698.978228445578,6.600300413654551,11213.766703999425
2023,12,APÓSITO DE ESPUMA DE POLIURETANO Y POLIACRILATO CON SILICONA-13,534.8922594252939,2.089980587386876,1117.9144385423692
2023,12,TIRA DE GASA ORILLADA TAPONAMIENTOS ESTERIL 1cm.-30,157.24332808744686,0.1269928828857707,19.968783548377957
2023,12,APÓSITO TRANSPARENTE ADHESIVO-20,2594.9304397962587,0.27499992,713.605663349536
2023,12,APOSITO ABSORBENTE S/ ADHESIVO-25,243.5816229027896,0.1521805636044067,37.06838865702258
2023,12,BOMBA DE UN SOLO USO / TERAPIA PRESIÓN NEGATIVA C/ APOSITO-28,2.7646846773452016,62.07010546888892,171.60426951103778
2023,12,TIRA DE GASA ORILLADA TAPONAMIENTOS ESTERIL 2cm.-31,178.64583333333334,0.0860136478486144,15.365979797955594
2023,12,EQ. DE PRESION NEGATIVA CON INSTILACIÓN-33,2.550509067728839,83.24698888919762,212.32220002302043
2023,5,APOSITO DE FIBRAS DE POLIACRILATO C/PLATA-3,1110.0,6.259,6947.490000000001
2023,5,SOLUCION P/ LIMPIEZA Y DESCONTAMINACION DE HERIDAS-16,1511.770935036935,13.707889823207337,20723.189415413442
2023,5,APOSITO DE HIDROFIBRA  / CINTA-18,563.1691070504561,2.42,1362.8692390621036
2023,5,APOSITO DE ESPUMA POLIURETANO / SACRO-11,159.4302580531862,4.123590623414202,657.4251171966253
2023,5,APOSITO C/ CARBON Y PLATA-6,2181.2500000000005,2.508978689518929,5472.709766513165
2023,5,APOSITO DE FIBRAS DE POLIACRILATO-3,645.9915999115254,5.368877138178628,3468.249532220424
2023,5,APOSITO MALLADO C/ PARAFINA-39,2171.894136657101,3.3669684358265197,7312.69900408115
2023,5,APOSITO DE HIDROFIBRA DE HIDROCOLOIDE C/ ESPUMA POLIURETANO-12,8244.799697397324,1.8604747148340897,15339.241365879476
2023,5,APOSITO DE HIDROFIBRA DE HIDROCOLOIDE C/ PLATA-3,2504.8958146594764,5.279985,13225.812327964815
2023,5,APÓSITO ADHESIVO ABSORBENTE IMPERMEABLE C/ BOLSA-21,-3.063979513685343e-181,1.583366631854259e-114,-4.851402922654412e-295
2023,5,APOSITO DE HIDROCOLOIDE-9,3088.9727682561625,0.3298569999999999,1018.9192904186726
2023,5,APOSITO DE HIDROCOLOIDE-7,370.73194105601794,2.33268078580432,864.7992755853128
2023,5,APOSITO DE HIDROCOLOIDE C/ PLATA-2,0.0294781337200278,0.0327299697173133,0.0009648184239794219
2023,5,APOSITO DE ESPUMA POLIURETANO-8,500.1463226378684,1.195776816762904,598.0633775995826
2023,5,APÓSITO ABSORBENTE C/ ADHESIVO-22,10297.308307578116,0.1144375997350597,1178.3992464511293
2023,5,APÓSITO ABSORBENTE C/ ADHESIVO-23,3330.653141922856,0.16988026621299,565.8122424129863
2023,5,HIDROGEL-37,1681.228809350488,0.77055,1295.4708590450184
2023,5,APOSITO MALLADO C/ PARAFINA-38,3095.218970611225,1.5345,4749.6135104029245
2023,5,APÓSITO MALLADO C/ OLIGOSACÁRIDOS-1,323.0478780967926,13.189000000000044,4260.678464218612
2023,5,ELIMINADOR DE ADHESIVOS MEDICOS DE LA PIEL-17,136.8014097631124,6.489999999999999,887.8411493625994
2023,5,APOSITO DE FIBRAS DE POLIACRILATO C/PLATA-6,1595.7997329462123,4.719,7530.578939773176
2023,5,GEL P/ LIMPIEZA  Y DESCONTAMINACION DE HERIDAS-15,67.464403326688,13.189,889.788015475688
2023,5,EQ. DE PRESION NEGATIVA / Espuma de poliuretano-32,98.44293914819212,85.14061538461539,8381.492419347323
2023,5,APOSITO DE HIDROFIBRA HIDROCOLOIDE P/ BOMBA DE UN SOLO USO-26,14.37303451418617,21.11702721611254,303.5157610141942
2023,5,APOSITO DE HIDROFIBRA DE HIDROCOLOIDE C/ ESPUMA POLIURETANO-10,2143.071879050019,4.2926318960011045,9199.418703433133
2023,5,APÓSITO DE ESPUMA DE POLIURETANO Y POLIACRILATO CON SILICONA-14,4565.645780261395,2.728015500000987,12455.152456067186
2023,5,APOSITO ESPUMA DE POLIVINILO ALCOHOL  P/ TERAPIA CONVENCIONAL PRESION NEGATIVA-34,21.451677072794983,52.67477129663999,1129.9621837388513
2023,5,BOMBA DE UN SOLO USO / TERAPIA PRESIÓN NEGATIVA-40,82.77891161787113,74.58499915866639,6174.065053374238
2023,5,APOSITO MALLADO C/ SILICONA-0,379.2812874024476,3.0452860890668867,1155.0200283700535
2023,5,APOSITO C/ CARBON Y PLATA-4,1262.8725689437383,5.681851497375255,7175.454396847114
2023,5,APOSITO PARA PEQUEÑAS HERIDAS REDONDO-19,9734.408783690084,0.0093792300361861,91.30125924849983
2023,5,APOSITO DE HIDROCOLOIDE-3,680.7247057639395,1.1032401109298606,751.0027998997053
2023,5,EQ. DE PRESION NEGATIVA / Espuma de poliuretano-36,72.531460534008,88.03627234700348,6385.399413297863
2023,5,EQ. DE PRESION NEGATIVA / Espuma de poliuretano con plata-35,41.31507154378731,113.09263059129088,4672.430123954293
2023,5,EQ. DE PRESIÓN NEGATIVA ABDOMINAL-29,9.460728827280242,478.3808889327247,4525.831866345777
2023,5,APÓSITO TRANSPARENTE ADHESIVO-24,8162.251191439873,0.0838153103097023,684.1216164362702
2023,5,APOSITO DE ALGINATO C/ PLATA-6,168.37829835556414,0.7600342664370173,127.97327647458444
2023,5,BOMBA DE UN SOLO USO / TERAPIA PRESIÓN NEGATIVA C/ APOSITO-27,4.44063472476573,143.44619071201075,636.9921356111223
2023,5,APOSITO DE HIDROCOLOIDE-6,1282.0997773967108,0.4509419886940102,578.1526233234206
2023,5,APÓSITO DE ESPUMA DE POLIURETANO C/ SILICONA-3,1698.978228445578,6.600300413654551,11213.766703999425
2023,5,APÓSITO DE ESPUMA DE POLIURETANO Y POLIACRILATO CON SILICONA-13,495.1962188614933,2.089980587386876,1034.950484367904
2023,5,TIRA DE GASA ORILLADA TAPONAMIENTOS ESTERIL 1cm.-30,159.89433227905133,0.1852039676098121,29.613064736401952
2023,5,APÓSITO TRANSPARENTE ADHESIVO-20,2594.372033122748,0.27499992,713.452101558993
2023,5,APOSITO ABSORBENTE S/ ADHESIVO-25,243.5816229027896,0.1351613660212253,32.92282488920802
2023,5,BOMBA DE UN SOLO USO / TERAPIA PRESIÓN NEGATIVA C/ APOSITO-28,2.924364873624105,63.500953027632086,185.6999564756615
2023,5,TIRA DE GASA ORILLADA TAPONAMIENTOS ESTERIL 2cm.-31,178.64583333333334,0.0772791964382749,13.805606447045985
2023,5,EQ. DE PRESION NEGATIVA CON INSTILACIÓN-33,2.7939548333047,100.1631039440951,279.8511883834056
2023,11,APOSITO DE FIBRAS DE POLIACRILATO C/PLATA-3,1110.0,6.259,6947.490000000001
2023,11,SOLUCION P/ LIMPIEZA Y DESCONTAMINACION DE HERIDAS-16,1671.2573451865403,12.292271431518552,20543.54891895205
2023,11,APOSITO DE HIDROFIBRA  / CINTA-18,504.3785651728496,2.42,1220.596127718296
2023,11,APOSITO DE ESPUMA POLIURETANO / SACRO-11,159.4302580531862,4.123590623414202,657.4251171966253
2023,11,APOSITO C/ CARBON Y PLATA-6,2181.2500000000005,2.5076443194383358,5469.799171774871
2023,11,APOSITO DE FIBRAS DE POLIACRILATO-3,645.9915999115254,5.368833756245446,3468.2215078560007
2023,11,APOSITO MALLADO C/ PARAFINA-39,2171.894136657101,3.3669684358265197,7312.69900408115
2023,11,APOSITO DE HIDROFIBRA DE HIDROCOLOIDE C/ ESPUMA POLIURETANO-12,8042.30659810258,1.8604747148340897,14962.508074713216
2023,11,APOSITO DE HIDROFIBRA DE HIDROCOLOIDE C/ PLATA-3,2504.8958146594764,5.279985,13225.812327964815
2023,11,APÓSITO ADHESIVO ABSORBENTE IMPERMEABLE C/ BOLSA-21,-2.4899113490466174e-181,9.30875299187803e-115,-2.317796971994876e-295
2023,11,APOSITO DE HIDROCOLOIDE-9,3199.4771021170054,0.3298569999999999,1055.3699184730087
2023,11,APOSITO DE HIDROCOLOIDE-7,370.567528203722,2.331883484550174,864.1202989288403
2023,11,APOSITO DE HIDROCOLOIDE C/ PLATA-2,0.0294678579313227,0.0327299697173133,0.0009644820977262824
2023,11,APOSITO DE ESPUMA POLIURETANO-8,500.1463226378684,1.149610719852638,574.9735739993696
2023,11,APÓSITO ABSORBENTE C/ ADHESIVO-22,10297.308307578116,0.1144375997350597,1178.3992464511293
2023,11,APÓSITO ABSORBENTE C/ ADHESIVO-23,3330.653141922856,0.16988026621299,565.8122424129863
2023,11,HIDROGEL-37,1699.079185732162,0.7900235463746884,1342.3125638835404
2023,11,APOSITO MALLADO C/ PARAFINA-38,3094.825807408404,1.5345,4749.010201468196
2023,11,APÓSITO MALLADO C/ OLIGOSACÁRIDOS-1,342.8127767837939,13.189000000000044,4521.357713001473
2023,11,ELIMINADOR DE ADHESIVOS MEDICOS DE LA PIEL-17,145.5550323617484,6.489999999999999,944.6521600277471
2023,11,APOSITO DE FIBRAS DE POLIACRILATO C/PLATA-6,1666.3907516177255,4.719,7863.697956884047
2023,11,GEL P/ LIMPIEZA  Y DESCONTAMINACION DE HERIDAS-15,71.55565552470469,13.189,943.7475407153302
2023,11,EQ. DE PRESION NEGATIVA / Espuma de poliuretano-32,104.69171742810596,85.14061538461539,8913.517247501206
2023,11,APOSITO DE HIDROFIBRA HIDROCOLOIDE P/ BOMBA DE UN SOLO USO-26,15.302226718191823,22.54099028609707,344.92734381041697
2023,11,APOSITO DE HIDROFIBRA DE HIDROCOLOIDE C/ ESPUMA POLIURETANO-10,2274.8180413561336,4.242895681133055,9651.815643033493
2023,11,APÓSITO DE ESPUMA DE POLIURETANO Y POLIACRILATO CON SILICONA-14,4565.645780261395,2.728015500000987,12455.152456067186
2023,11,APOSITO ESPUMA DE POLIVINILO ALCOHOL  P/ TERAPIA CONVENCIONAL PRESION NEGATIVA-34,21.800253765789705,56.08212416819784,1222.604538591241
2023,11,BOMBA DE UN SOLO USO / TERAPIA PRESIÓN NEGATIVA-40,102.01412741408863,77.93101400745276,7950.064392465412
2023,11,APOSITO MALLADO C/ SILICONA-0,367.4590802226924,3.0471539334630533,1119.7043816872929
2023,11,APOSITO C/ CARBON Y PLATA-4,1338.3377243300072,5.634213331736096,7540.480248785475
2023,11,APOSITO PARA PEQUEÑAS HERIDAS REDONDO-19,9734.408783690084,0.0093792300361861,91.30125924849983
2023,11,APOSITO DE HIDROCOLOIDE-3,680.7247057639395,1.0704322440456937,728.6696743682384
2023,11,EQ. DE PRESION NEGATIVA / Espuma de poliuretano-36,77.05344546116652,89.39537018539203,6888.221281060896
2023,11,EQ. DE PRESION NEGATIVA / Espuma de poliuretano con plata-35,30.546098311287626,120.1262503010974,3669.3882514636657
2023,11,EQ. DE PRESIÓN NEGATIVA ABDOMINAL-29,10.093199684833325,447.4649121324297,4516.35271010901
2023,11,APÓSITO TRANSPARENTE ADHESIVO-24,8150.132157896018,0.0815700545609576,664.8067247985933
2023,11,APOSITO DE ALGINATO C/ PLATA-6,100.7265245116723,0.7661078610293766,77.16738224256034
2023,11,BOMBA DE UN SOLO USO / TERAPIA PRESIÓN NEGATIVA C/ APOSITO-27,4.611139679476655,110.91960977068378,511.46581384566645
2023,11,APOSITO DE HIDROCOLOIDE-6,1281.854417135765,0.4379363751268225,561.3706768807428
2023,11,APÓSITO DE ESPUMA DE POLIURETANO C/ SILICONA-3,1698.978228445578,6.600300413654551,11213.766703999425
2023,11,APÓSITO DE ESPUMA DE POLIURETANO Y POLIACRILATO CON SILICONA-13,529.7435391908556,2.089980587386876,1107.153713202507
2023,11,TIRA DE GASA ORILLADA TAPONAMIENTOS ESTERIL 1cm.-30,157.25359176681872,0.1591930860924415,25.033684572480823
2023,11,APÓSITO TRANSPARENTE ADHESIVO-20,2594.9300680422625,0.27499992,713.6055611172168
2023,11,APOSITO ABSORBENTE S/ ADHESIVO-25,243.5816229027896,0.1514776834349408,36.89717996463789
2023,11,BOMBA DE UN SOLO USO / TERAPIA PRESIÓN NEGATIVA C/ APOSITO-28,2.765950803384222,62.067991495679856,171.67701094192074
2023,11,TIRA DE GASA ORILLADA TAPONAMIENTOS ESTERIL 2cm.-31,178.64583333333334,0.0859085957804016,15.347212683686328
2023,11,EQ. DE PRESION NEGATIVA CON INSTILACIÓN-33,2.535720423536519,70.45903139230145,178.66440492405954
